{
  "age": 33.0,
  "adt": 1980.0,
  "length": 160.1,
  "main_spans": 3.0,
  "deck_condition": 7.0,
  "super_condition": 7.0,
  "sub_condition": 7.0,
  "min_condition": 7.0,
  "mean_condition": 7.0,
  "delta_deck": 0.0,
  "delta_super": 0.0,
  "delta_sub": 0.0,
  "visual_severity": 0.3335734469191409,
  "damage_area_ratio_union": 0.01795132902835087,
  "damage_perimeter_ratio": 0.04113047265030675,
  "largest_component_ratio": 0.013860389223791679,
  "components_count": 3.0,
  "component_density_per_100kpx": 1.1538461538461537,
  "mean_width_px": 5.244522076199126,
  "max_width_px": 9.595075109637197,
  "length_proxy_px": 148.13928364318588,
  "fragmentation_index": 0.2865465287782545,
  "elongation_proxy": 5.9650973059479195
}